No DE ESTRATEGIA;AREAS INVOLUCRADAS;TIPO DE INDICADOR;DESCRIPCION DEL INDICADOR;INDICADOR;CALCULO DEL INDICADOR;ANALISIS;NOMBRE DE LA ESTRATEGIA;RESPONSABLE;;cumplimiento plan de desarrollo;cumplimiento seguimiento;
1;Gerencia;G;Mejoramiento continuo de la calidad aplicable a entidades no acreditadas con autoevaluación de la vigencia anterior con postulación para la acreditación formalizada con contrato.;Promedio de calificación de autoevaluación en la vigencia evaluada / Promedio de calificación de autoevaluación de la vigencia anterior;1,27;Mejoramiento continuo de la calidad aplicable a entidades no acreditadas con autoevaluación de la vigencia anterior con postulación para la acreditación formalizada con contrato.;Acreditación mediante servicios de calidad y eficiencia;PAULO;;2,8;;45%
1;Calidad;G;Porcentaje de cumplimiento del cronograma de implementación del Sistema de Gestión de la Calidad (SGC) y el Sistema Único de Acreditación;(Número de actividades completadas/Número total de actividades programadas)*100;100;Porcentaje de cumplimiento del cronograma de implementación del Sistema de Gestión de la Calidad (SGC) y el Sistema Único de Acreditación;Acreditación mediante servicios de calidad y eficiencia;PAULO;;50;;100%
1;Calidad;G;Cumplimiento PAMEC de acceso;(Número de acciones del PAMEC de Acceso cerradas / número total de acciones de PAMEC de Acceso establecidas) *100;100;Cumplimiento PAMEC de acceso;Acreditación mediante servicios de calidad y eficiencia;PAULO;;90;;100%
1;Calidad;G;Cumplimiento PAMEC estándar de direccionamiento;(Número de acciones del PAMEC de Direccionamiento cerradas / número total de acciones de PAMEC de Direccionamiento establecidas) *100;100;Cumplimiento PAMEC estándar de direccionamiento;Acreditación mediante servicios de calidad y eficiencia;PAULO;;100;;100%
1;Calidad;G;Cumplimiento PAMEC estándar de gerencia;(Número de acciones del PAMEC de Gerencia cerradas / número total de acciones de PAMEC de Gerencia establecidas)*100;100;Cumplimiento PAMEC estándar de gerencia;Acreditación mediante servicios de calidad y eficiencia;PAULO;;100;;100%
1;Calidad;G;Cumplimiento PAMEC estándar de seguridad del paciente;(Número de acciones del PAMEC de Seguridad del Paciente cerradas / número total de acciones de PAMEC de Seguridad del Paciente establecidas)*100;100;Cumplimiento PAMEC estándar de seguridad del paciente;Acreditación mediante servicios de calidad y eficiencia;PAULO;;100;;100%
1;Calidad;G;Cumplimiento PAMEC estándar de gestión de ambiente físico;(Número de acciones del PAMEC de Gestión de Ambiente Físico cerradas / número total de acciones de PAMEC de Gestión de Ambiente Físico establecidas) *100;100;Cumplimiento PAMEC estándar de gestión de ambiente físico;Acreditación mediante servicios de calidad y eficiencia;PAULO;;100;;100%
1;Calidad;G;Cumplimiento PAMEC estándar de gestión de tecnología;(Número de acciones delPAMEC de Gestión deTecnología cerradas / número total de acciones de PAMEC de Gestión de Tecnología establecidas)*100;100;Cumplimiento PAMEC estándar de gestión de tecnología;Acreditación mediante servicios de calidad y eficiencia;PAULO;;100;;100%
1;Calidad;G;Cumplimiento PAMEC estándar de sistemas de información;(Número de acciones del PAMEC de Sistemas de Información cerradas / número total de acciones de PAMEC de Sistemas de Información establecidas)*100;100;Cumplimiento PAMEC estándar de sistemas de información;Acreditación mediante servicios de calidad y eficiencia;PAULO;;100;;100%
1;Calidad;G;Cumplimiento PAMEC humanización;(Número de acciones del PAMEC de Humanización cerradas / número total de acciones de PAMEC de Humanización establecidas) *100;100;Cumplimiento PAMEC humanización;Acreditación mediante servicios de calidad y eficiencia;PAULO;;100;;100%
1;Calidad;G;Cumplimiento PAMEC estándar de talento humano;(Número de acciones del PAMEC de Talento Humano cerradas / número total de acciones de PAMEC de Talento Humano establecidas)*100;100;Cumplimiento PAMEC estándar de talento humano;Acreditación mediante servicios de calidad y eficiencia;PAULO;;100;;100%
1;Calidad;G;Cumplimiento PAMEC de Gestión Clínica - Hospitalización;(Número de acciones del PAMEC de Gestión Clínica - Hospitalización cerradas / número total de acciones de PAMEC de Gestión Clínica - Hospitalización establecidas) *100;100;Cumplimiento PAMEC de Gestión Clínica - Hospitalización;Acreditación mediante servicios de calidad y eficiencia;PAULO;;100;;100%
1;Calidad;G;Cumplimiento PAMEC de PyMs;(Número de acciones del PAMEC de Apoyo Diagnostico cerradas / número total de acciones de PAMEC de Apoyo Diagnostico establecidas)*100;100;Cumplimiento PAMEC de PyMs;Acreditación mediante servicios de calidad y eficiencia;PAULO;;100;;100%
1;Calidad;G;Cumplimiento PAMEC de Apoyo Diagnostico;(Número de acciones del PAMEC de Apoyo Diagnostico cerradas / número total de acciones de PAMEC de Apoyo Diagnostico establecidas) *100;100;Cumplimiento PAMEC de Apoyo Diagnostico;Acreditación mediante servicios de calidad y eficiencia;PAULO;;100;;100%
1;Calidad;G;Cumplimiento PAMEC de Gestión Clínica - Referencia y Contrareferencia;(Número de acciones del PAMEC de Gestión Clínica - Referencia y Contrareferencia cerradas / número total de acciones de PAMEC de Gestión Clínica - Referencia yContrareferencia establecidas) *100;100;Cumplimiento PAMEC de Gestión Clínica - Referencia y Contrareferencia;Acreditación mediante servicios de calidad y eficiencia;PAULO;;100;;100%
1;Subdireccion Cientifica;G;Oportunidad deatención en urgenciastriage 2;(Sumatoria total del tiempo de espera entre el ingreso del paciente y la atención del mismo Triage 2 / Número total de consultas en el servicio de urgencias Triage 2);12,74;Oportunidad de atención en urgenciastriage 2;Acreditación mediante servicios de calidad y eficiencia;DR RENGIFO;;30;;100%
1;Subdireccion Cientifica;G;Oportunidad en asignación de cita en consulta de medicina interna;(Sumatoria de la diferencia de días calendario entre la fecha en la que se asignó la cita de medicina interna de primera vez y la fecha en la cual el usuario la solicito,en la vigencia objeto de evaluación / Número total de citas de medicina interna de primera asignadas);7,91;Oportunidad en asignación de cita en consulta de medicina interna;Acreditación mediante servicios de calidad y eficiencia;DR RENGIFO;;15;;100%
1;Subdireccion Cientifica;G;Oportunidad en asignación de cita en consulta de Pediatría;Sumatoria de la diferencia de días calendario entre la fecha en la que se asignó la cita de pediatría de primera vez y la fecha en la cual el usuario la solicito,en la vigencia objeto de evaluación / Número total de citas de pediatría de primera vez asignadas, en la vigencia objeto devaluación;4,21;Oportunidad en asignación de cita en consulta de Pediatría;Acreditación mediante servicios de calidad y eficiencia;DR RENGIFO;;5;;100%
1;Subdireccion Cientifica;G;Oportunidad en asignación de cita en consulta de Ginecología;(Sumatoria total de los días calendario transcurridos entre la fecha en la cual el paciente solicita cita por cualquier medio, y la fecha para la cual es asignada / Número total de consultas en el periodo);7,01;Oportunidad en asignación de cita en consulta de Ginecología;Acreditación mediante servicios de calidad y eficiencia;DR RENGIFO;;8;;100%
1;Subdireccion Cientifica;G;Tiempo promedio de espera para la asignación de citas de obstetricia.;Sumatoria de la diferencia de días calendario trascurridos entre las fechas en la que se asignó la cita de obstetricia de primera vez y la fecha en la cual el usuario la solicito en la vigencia objeto de evaluación / Número total de citas de obstetricia de primera vez asignadas en la vigencia objeto de evaluación.;4,8;Tiempo promedio de espera para la asignación de citas de obstetricia.;Acreditación mediante servicios de calidad y eficiencia;DR RENGIFO;;8;;100%
1;Subdireccion Cientifica;G;Oportunidad en asignación de cita en consulta de Cirugía General;(Sumatoria total de los días calendario transcurridos entre la fecha en la cual el paciente solicita cita por cualquier medio, y la fecha para la cual es asignada / Número total de consultas en el periodo);5,07;Oportunidad en asignación de cita en consulta de Cirugía General;Acreditación mediante servicios de calidad y eficiencia;DR RENGIFO;;20;;100%
1;Subdireccion Cientifica;G;Oportunidad en asignación de cita en consulta de Odontología;(Sumatoria total de los días de espera entre la solicitud y la fecha por el cual el usuario solicito se le asignara la cita / Número total de consultas en el periodo);2,74;Oportunidad en asignación de cita en consulta de Odontología;Acreditación mediante servicios de calidad y eficiencia;DR RENGIFO;;3;;100%
1;Subdireccion Cientifica;G;Oportunidad en la atención específica de pacientes con diagnostico al egreso de Infarto Agudo de Miocardio (IAM).;Número de pacientes con diagnóstico de egreso de infarto agudo de miocardio a quienes se inició la terapia especifica de acuerdo a la guía de manejo para IAM dentro de la primera hora posterior a la realización del diagnóstico en la vigencia objeto de evaluación / Total de pacientes con diagnóstico de egreso con infarto agudo de miocardio en la vigencia objeto de evaluación.;100;Oportunidad en la atención específica de pacientes con diagnostico al egreso de Infarto Agudo de Miocardio (IAM).;Acreditación mediante servicios de calidad y eficiencia;DR RENGIFO;;90;;90%
1;Subdireccion Cientifica;G;Número de pacientes pediátricos con neumonías broncoaspirativas de origen intrahospitalario y variación interanual.;Número de pacientes pediátricos con neumonías broncoaspirativas de origen intrahospitalaria en la vigencia objeto de evaluación / Número de pacientes pediátricos con neumonías bronco-aspirativas de origen intrahospitalario en la vigencia objeto de evaluación - Número de pacientes pediátricos con neumonías bronco-aspirativas de origen intrahospitalario de la vigencia anterior.;100;Número de pacientes pediátricos con neumonías broncoaspirativas de origen intrahospitalario y variación interanual.;Acreditación mediante servicios de calidad y eficiencia;DR RENGIFO;;0;;100%
1;Subdireccion Cientifica;G;Oportunidad en la realización de apendicetomía;Número de pacientes con diagnóstico de apendicitis al egreso a quienes se le realizó la apendicetomía dentro de las seis horas de confirmado el diagnostico/ total de pacientes con diagnóstico de apendicitis al egreso en la vigencia objeto de evaluación.;94;Oportunidad en la realización de apendicetomía;Acreditación mediante servicios de calidad y eficiencia;DR RENGIFO;;90;;100%
1;Subdireccion Cientifica;G;Tiempo de espera para la atención en consulta programada;(Sumatoria total del tiempo de espera entre la hora programada y la hora de la atención / Número total de usuarios atendidos);27;Tiempo de espera para la atención en consulta programada;Acreditación mediante servicios de calidad y eficiencia;DR RENGIFO;;30;;90%
1;Subdireccion Cientifica;G;Cumplimiento al Programa de Seguridad del paciente;(Total de actividades realizadas/ total de actividades planeadas)*100;100;Cumplimiento al Programa de Seguridad del paciente;Acreditación mediante servicios de calidad y eficiencia;DR RENGIFO;;90;;100%
1;Subdireccion Cientifica;G;Gestión de eventos adversos (según Circular Única);(Total de eventos adversos gestionados / Eventos adversos detectados)*100;100;Gestión de eventos adversos (según Circular Única);Acreditación mediante servicios de calidad y eficiencia;DR RENGIFO;;100;;100%
1;Subdireccion Cientifica;G;Cumplimiento al Programa de Tecnovigilancia;(Total de actividades realizadas/ total de actividades planeadas)*100;100;Cumplimiento al Programa de Tecnovigilancia;Acreditación mediante servicios de calidad y eficiencia;DR RENGIFO;;90;;100%
1;Subdireccion Cientifica;G;Cumplimiento al Programa de Farmacovigilancia;(Total de actividades realizadas/ total de actividades planeadas)*100;100;Cumplimiento al Programa de Farmacovigilancia;Acreditación mediante servicios de calidad y eficiencia;DR RENGIFO;;90;;100%
1;Subdireccion Cientifica;G;Cumplimiento de Programa de Reactivo y Hemovigilancia;(Total de actividades realizadas/ total de actividades planeadas)*100;100;Cumplimiento de Programa de Reactivo y Hemovigilancia;Acreditación mediante servicios de calidad y eficiencia;DR RENGIFO;;90;;100%
1;Subdireccion Cientifica;G;Porcentaje de infección hospitalaria;(Número de pacientes con infección nosocomial / Número de pacientes hospitalizados (EGRESO))*100;3;Porcentaje de infección hospitalaria;Acreditación mediante servicios de calidad y eficiencia;DR RENGIFO;;2;;67%
1;Subdireccion Cientifica;G;Porcentaje de infección hospitalaria en sitio operatorio;(Todas las infecciones de sitio operatorio detectadas durante el seguimiento en el postquirúrgico en el período / Total de procedimientos quirúrgicos realizados en el período) *100;100;Porcentaje de infección hospitalaria en sitio operatorio;Acreditación mediante servicios de calidad y eficiencia;DR RENGIFO;;2;;100%
1;Subdireccion Cientifica;G;Análisis mortalidad intrahospitalaria;(Número de muertes intrahospitalaria mayor de 48 horas revisada en el comité respectivo en la vigencia objeto de evaluación / Total de muertes intrahospitalariasmayores de 48 horas en la vigencia objeto de evaluación )*100;100;Análisis mortalidad intrahospitalaria;Acreditación mediante servicios de calidad y eficiencia;DR RENGIFO;;100;;100%
1;Subdireccion Cientifica;G;Evaluación de aplicación de guía de manejo de la primera causa de egreso hospitalario o de morbilidad atendida;(Número de historias clínicas auditadas que hacen parte de la muestra representativa con aplicación estricta de la guía de manejo adaptada por la ESE para eldiagnóstico de la primera causa de egreso hospitalario o de morbilidad atendida en la vigencia objeto de evaluación / Total Historias Clínicas auditadas depacientes con el diagnóstico de la primera causa de egreso hospitalario o de morbilidad atendida en la entidad en la vigencia)*100;100;Evaluación de aplicación de guía de manejo de la primera causa de egreso hospitalario o de morbilidad atendida;Acreditación mediante servicios de calidad y eficiencia;DR RENGIFO;;100;;100%
1;Subdireccion Cientifica;G;Cumplimiento programa de Humanización;(Total de actividades realizadas/ total de actividades planeadas)*100;100;Cumplimiento programa de Humanización;Acreditación mediante servicios de calidad y eficiencia;DR RENGIFO;;100;;100%
1;Subdireccion Cientifica;G;Porcentaje de reingreso en tiempo menor a 15 días en hospitalización por igual diagnostico;(Número total de pacientes que reingresan al servicio de hospitalización, antes de 15 días, por el mismo diagnóstico de egreso en el periodo / Número total deegresos vivos en el periodo )*100;2,9;Porcentaje de reingreso en tiempo menor a 15 días en hospitalización por igual diagnostico;Acreditación mediante servicios de calidad y eficiencia;DR RENGIFO;;2;;69%
1;Subdireccion Cientifica;G;% de reingreso a servicio de urgencia antes de 72 horas;(Número de pacientes que reingresan al servicio de urgencias en la misma institución antes de 72 horas con el mismo diagnóstico de egreso / Número total de pacientes atendidos en el servicio de urgencias, en el periodo)*100;0,64;% de reingreso a servicio de urgencia antes de 72 horas;Acreditación mediante servicios de calidad y eficiencia;DR RENGIFO;;2;;100%
1;Subdireccion Cientifica;G;Cancelación de cirugías programadas atribuible a la institución;(número total de cirugías canceladas por el hospital / número total de cirugías programadas ) *100;0;Cancelación de cirugías programadas atribuible a la institución;Acreditación mediante servicios de calidad y eficiencia;DR RENGIFO;;8;;100%
1;Subdireccion Cientifica;G;Cumplimiento de metas consulta médica especializada;(Consultas realizadas / meta consultas a realizar ) *100;86,7;Cumplimiento de metas consulta médica especializada;Acreditación mediante servicios de calidad y eficiencia;DR RENGIFO;;100;;87%
1;Subdireccion Cientifica;G;Cumplimiento de metas Laboratorio;(actividades realizadas / meta actividades a realizar )*100;97,9;Cumplimiento de metas Laboratorio;Acreditación mediante servicios de calidad y eficiencia;DR RENGIFO;;100;;98%
1;Subdireccion Cientifica;G;Metas Cirugía programada;(Total de cirugías realizadas/ total de cirugías planeadas) *100;108;Metas Cirugía programada;Acreditación mediante servicios de calidad y eficiencia;DR RENGIFO;;90;;100%
1;Subdireccion Cientifica;G;Giro Cama;Número de pacientes que egresan en el periodo/número de camas disponibles en el mismo periodo;9,5;Giro Cama;Acreditación mediante servicios de calidad y eficiencia;DR RENGIFO;;2;;21%
1;Subdireccion Cientifica;G;Días promedio de estancia;Número de días que los pacientes estuvieron hospitalizados antes de egresar / Número de pacientes que egresaron en el mismo período;3,06;Días promedio de estancia;Acreditación mediante servicios de calidad y eficiencia;DR RENGIFO;;3;;98%
1;Subdireccion Cientifica;G;Porcentaje de Ocupación;(Total de camas ocupadas (días) en un periodo determinado / Total de camas dispoinibles (días) en el periodo) * 100;94,4;Porcentaje de Ocupación;Acreditación mediante servicios de calidad y eficiencia;DR RENGIFO;;80;;85%
1;Subdireccion Cientifica;G;Evaluación de aplicación de guía de manejo específica para Hemorragia III trimestre o trastornos hipertensivos en gestantes.;Numero de historias clínicas auditadas, que hacen parte de la muestra representativa con aplicación estricta de la guía de manejo para diagnóstico de hemorragias del III trimestre o trastornos hipertensivos en la gestación en la vigencia objeto de evaluación / Número Total Historias Clínicas auditadas de la Muestra Representativa de pacientes con edad gestacional mayor de 27 semanas, atendidas en la ESE, con diagnóstico de hemorragia de III trimestre o trastornos hipertensivos en la gestación en la vigencia objeto de evaluación.;100;Evaluación de aplicación de guía de manejo específica para Hemorragia III trimestre o trastornos hipertensivos en gestantes.;Acreditación mediante servicios de calidad y eficiencia;DR RENGIFO;;80;;100%
1;PYM;G;Cumpliento programa PyM;(Total de actividades realizadas/ total de actividades planeadas)*100;67;Cumplliento programa PyM;Acreditación mediante servicios de calidad y eficiencia;JEFE DIANA;;90;;74%
2;Planeacio y Sistemas;G;Gestión de proyectos formulados;(Número de proyectos formulados / Número de proyectos planificados) *100;100;Gestión de proyectos formulados;Generar valor para nuestros grupos de interés;LUISA CORREA;;1;;100%
2;Planeacio y Sistemas;G;Proyectos de TICS;(Proyectos ejecutados de TICS/ Proyectos Planteados de TICS)*100;100;Proyectos de TICS;Generar valor para nuestros grupos de interés;ROBERTH - LUISA;;100;;100%
2;Mantenimiento;G;Cumplimiento del plan de mantenimiento de bienes muebles e inmuebles;(Total de actividades realizadas /Total de actividades programadas)*100;90;Cumplimiento del plan de mantenimiento de bienes muebles e inmuebles;Generar valor para nuestros grupos de interés;WILMAR, SEBASTINA, ;;100;;90%
2;Gerencia;G;Destinar mínimo el 5% del total de presupuesto al mantenimiento;(Recursos asignados a mantenimiento/Total de presupuesto)*100;5;Destinar mínimo el 5% del total de presupuesto al mantenimiento;Generar valor para nuestros grupos de interés;RODRIGO;;5;;100%
2;Gerencia;G;Adecuación, ampliación y lucimiento de instalaciones hospitalarias;(Proyectos ejecutados / Proyectos aprobados) *100;100;Adecuación, ampliación y lucimiento de instalaciones hospitalarias;Generar valor para nuestros grupos de interés;LUISA CORREA;;100;;100%
2;Gerencia;G;Cumplimiento al plan de adquisiciones de dotación e insumos para prestación de servicios;(Dotación e insumos adquiridos/Dotación e insumos planificados) *100;100;Cumplimiento al plan de adquisiciones de dotación e insumos para prestación de servicios;Generar valor para nuestros grupos de interés;OLGA MARTINEZ;;90;;100%
2;Ingeniero Biomédico;G;Cumplimiento del plan de mantenimiento de equipos biomédicos;(Total de actividades realizadas /Total de actividades programadas) *100;91;Cumplimiento del plan de mantenimiento de equipos biomédicos;Generar valor para nuestros grupos de interés;SEBASTIAN;;100;;91%
2;Sistemas;G;Cumplimiento del plan de mantenimiento de equipos tecnológicos;(Total de actividades realizadas /Total de actividades programadas)*100;90;Cumplimiento del plan de mantenimiento de equipos tecnológicos;Generar valor para nuestros grupos de interés;ROBERTH;;100;;90%
2;Planecion;G;Utilización de información de Registro Individual de prestaciones RIPS;Número de informes del análisis de la prestación de servicios de la ESE a la Junta Directiva con base en RIPS en la vigencia.;100;Utilización de información de Registro Individual de prestaciones RIPS;Generar valor para nuestros grupos de interés;LUISA CORREA;;4;;100%
2;Planecion;G;Oportunidad en la entrega de reporte de información en cumplimiento de la Circular Única expedida por la Superintendencia Nacional de Salud o la norma que la sustituya.;Cumplimiento oportuno de los informes, en términos de la normatividad vigente.;100;Oportunidad en la entrega de reporte de información en cumplimiento de la Circular Única expedida por la Superintendencia Nacional de Salud o la norma que la sustituya.;Generar valor para nuestros grupos de interés;ROSA;;100;;100%
2;Contabilidad;G;Oportunidad en el reporte de información en cumplimiento del Decreto 2193 de 2004 compilado en la Sección 2, Capítulo 8, Titulo 3, parte 5 del Libro 2 del Decreto 780 de 2016 - Decreto Único Reglamentario del sector Salud y Protección Social, o la norma que lo sustituya.;Cumplimiento oportuno de los informes en término de la normatividad vigente de la vigencia objeto de evaluación.;100;Oportunidad en el reporte de información en cumplimiento del Decreto 2193 de 2004 compilado en la Sección 2, Capítulo 8, Titulo 3, parte 5 del Libro 2 del Decreto 780 de 2016 - Decreto Único Reglamentario del sector Salud y Protección Social, o la norma que lo sustituya.;Generar valor para nuestros grupos de interés;ROSA;;100;;100%
2;Gerencia (Abogado);G;Responsabilidad civil extracontractual;Número de sentencias debidamente falladas contra el hospital / Número de afectaciones a la garantía de la responsabilidad civil;0;Responsabilidad civil extracontractual;Generar valor para nuestros grupos de interés;JULIAN HERNANDEZ;;100;;100%
2;Gerencia;G;Porcentaje de bienes muebles e inmuebles asegurados;(Número de bienes muebles e inmuebles asegurados/Total de bienes) *100;100;Porcentaje de bienes muebles e inmuebles asegurados;Generar valor para nuestros grupos de interés;OLGA MARTINEZ;;100;;100%
2;comunicaciones;G;Cumplimiento de plan de marketing;(Actividades realizadas/Actividades planeadas) * 100;95;Cumplimiento de plan de marketing;Generar valor para nuestros grupos de interés;JHONATAN;;80;;100%
2;Comunicaciones;G;Gestión de barreras de acceso;(barreras gestionadas / barreras identificadas) *100;100;Gestión de barreras de acceso;Generar valor para nuestros grupos de interés;JHONATAN;;80;;100%
2;SIAU;G;Nivel de satisfacción del cliente institucional;(Número total de clientes institucionales que se consideran satisfechos con la ESE/ número total de clientes institucionales encuestados) *100;90;Nivel de satisfacción del cliente institucional;Generar valor para nuestros grupos de interés;DON OSCAR;;90;;100%
2;Subdirección Científica;G;Cumplimiento programa de humanización;(Actividades realizadas / Actividades programadas) *100;100;Cumplimiento programa de humanización;Generar valor para nuestros grupos de interés;RENGIFO , SIAU;;80;;100%
2;SIAU;G;Gestión Oportuna de Quejas y Reclamos;(Nu?mero de quejas en las cuales se adoptan los correctivos de acuerdo a la normativa vigente / total de quejas recibidas en el periodo) x 100;97;Gestión Oportuna de Quejas y Reclamos;Generar valor para nuestros grupos de interés;ELIANA;;90;;100%
2;SIAU;G;Proporción de Satisfacción Global de los usuarios en la ESE; / Número de usuarios que respondieron la pregunta)*100;99;Proporción de Satisfacción Global de los usuarios en la ESE;Generar valor para nuestros grupos de interés;ELIANA;;90;;100%
2;SIAU;G;Proporción de usuarios que recomendaron los servicios de la ESE a un amigo o familiar; / Número de usuarios que respondieron la pregunta )*100;99;Proporción de usuarios que recomendaron los servicios de la ESE a un amigo o familiar;Generar valor para nuestros grupos de interés;ELIANA;;90;;100%
2;Planeacion;G;Proporción de implementación MIPG;(Número de dimensiones MIPG implementadas / Total de dimensiones MIPG) * 100;80;Proporción de implementación MIPG;Generar valor para nuestros grupos de interés;LUISA CORREA;;80;;100%
2;Planeacion;G;Porcentaje de cumplimiento del cronograma de implementación del Sistema de Gestión del Riesgo (SGR);(Número de actividades completadas/Número total de actividades programadas) *100;100;Porcentaje de cumplimiento del cronograma de implementación del Sistema de Gestión del Riesgo (SGR);Generar valor para nuestros grupos de interés;LUISA CORREA;;50;;100%
2;planeacion y Sistemas;G;Avance en la implementación del gobierno digital;(cumplimiento actividades de gestión gobierno digital/actividades de gestión de gobierno digital definidas en MIPG)*100;50;Avance en la implementación del gobierno digital;Generar valor para nuestros grupos de interés;ROBERTH;;85;;59%
2;planeacion y Sistemas;G;Seguridad Digital;(avance de seguridad digital / criterios de seguridad digital) * 100;50;Seguridad Digital;Generar valor para nuestros grupos de interés;ROBERTH;;80;;63%
2;Sistemas;G;Cumplimiento del plan de mantenimiento de los sistemas de información;(Total de actividades realizadas /Total de actividades programadas) *100;66,67;Cumplimiento del plan de mantenimiento de los sistemas de información;Generar valor para nuestros grupos de interés;ROBERTH;;80;;83%
2;Sistemas;G;Avance PETI;(Evaluación de los avances / Resultado esperado en la implementación de la nueva plataforma tecnológica)*100;50;Avance PETI;Generar valor para nuestros grupos de interés;ROBERTH;;80;;63%
3;Presupuesto;P;Resultado de Equilibrio presupuestal con recaudo;Valor de la ejecución de ingresos totales recaudados en la vigencia objeto de evaluación (incluye recaudo de CxC de vigencias anteriores)/ Valor de la ejecución de gastos comprometidos en la vigencia objeto de evaluación (incluye el valor comprometido de CxP de vigencias anteriores).;0,85;Resultado de Equilibrio presupuestal con recaudo;Sostenibilidad Financiera;RODRIGO;;0;;0
3;Presupuesto;P;Evolución del Gasto por Unidad de Valor Relativo producida.;(Gasto de Funcionamiento y Operación Comercial y prestación de servicios comprometidos en el año objeto de la evaluación/ Numero de UVR producidas en la Vigencia) / (Gasto de Funcionamiento y Operación Comercial y Prestación de Servicios comprometido en la Vigencia anterior en valores constantes del año objeto de evaluación/ número de UVR producidas en la vigencia anterior);92;Evolución del Gasto por Unidad de Valor Relativo producida.;Sostenibilidad Financiera;RODRIGO;;90;;100%
3;Contabilidad;P;Resultado de Equilibrio presupuestal con reconocimiento;(Obligaciones / Reconocimiento)*100;81;Resultado de Equilibrio presupuestal con reconocimiento;Sostenibilidad Financiera;RODRIGO;;20;;0%
3;Cartera;P;Cartera Conciliada;(Cartera Conciliada / Total de Cartera) *100;67;Cartera Conciliada;Sostenibilidad Financiera;JUAN DAVID;;60;;112%
3;Presupuesto;P;Gestión de presupuesto de gasto;Presupuesto ejecutado/Presupuesto aprobado;89;Gestión de presupuesto de gasto;Sostenibilidad Financiera;RODRIGO;;menor o igul q 1;;100%
3;Presupuesto;P;Gestión de presupuesto de ingreso;Presupuesto recaudado /Presupuesto aprobado;76;Gestión de presupuesto de ingreso;Sostenibilidad Financiera;RODRIGO;;85;;89%
3;Facturacion;F;Nivel de radicación de facturas;(Valor Radicado / Valor Facturado) *100;95;Nivel de radicación de facturas;Sostenibilidad Financiera;LINA ;;90;;100%
3;Contabilidad;F;Indicador de liquidez;Total Activo Corriente/Total Pasivo Corriente;1,69;Indicador de liquidez;Sostenibilidad Financiera;ROSA;;mayor o igual 1,5;;100%
3;Contabilidad;F;Capital de trabajo;Activos Corrientes - Pasivos Corrientes;1,03;Capital de trabajo;Sostenibilidad Financiera;ROSA;;mayor o igual 0;;100%
3;Contabilidad;F;Solvencia (Ratio de Endeudamiento);Pasivo Total / Patrimonio Neto;0,46;Solvencia (Ratio de Endeudamiento);Sostenibilidad Financiera;ROSA;;60 o menos;;100%
3;Glosas;G;Porcentaje de glosa definitiva;(Valor Glosado aceptado en el periodo/Valor Glosado en el periodo)*100;9;Porcentaje de glosa definitiva;Sostenibilidad Financiera;LINA ;;3;;33%
3;Cartera;G;Cartera corriente acumulada;(Recaudo cartera VAC / Radicado VAC) * 100;46;Cartera corriente acumulada;Sostenibilidad Financiera;JUAN DAVID;;50;;92%
3;Cartera;G;Cartera no corriente acumulada;(Recaudo cartera VAN / Total Cartera VAN) * 100;70;Cartera no corriente acumulada;Sostenibilidad Financiera;JUAN DAVID;;80;;88%
3;Gerencia;G;Monto de la deuda superior a 30 días por concepto de salarios del personal de planta y por concepto de contratación de servicios y variación del monto frente a la vigencia anterior.;Valor de la deuda superior a 30 días por concepto de salarios de personal de planta y por concepto de contratación de servicios con corte a 31 de diciembre dela vigencia objeto de evaluación. / (Valor de la Deuda superior a 30 días por concepto de salarios de personal de planta y por concepto de contratación de servicios,con corte a 31 de diciembre de la vigencia objeto de la evaluación)-(Valor de la deuda superior a 30 días por concepto de salarios de personal de planta y porconcepto de contratación de servicios con corte al 31 de diciembre de la vigencia anterior);1,11;Monto de la deuda superior a 30 días por concepto de salarios del personal de planta y por concepto de contratación de servicios y variación del monto frente a la vigencia anterior.;Sostenibilidad Financiera;ROSA;;menor o igual 0;;0%
3;Contabilidad;F;Cumplimiento en el pago de pasivos;Pasivos pagados / Total de pasivos a diciembte 31;3,88;Cumplimiento en el pago de pasivos;Sostenibilidad Financiera;TESORERIA;;60;;6%
3;Contabilidad;F;Margen de utilidad;(Costos totales al corte del periodo / Producción total al corte del periodo)*100;6;Margen de utilidad;Sostenibilidad Financiera;ROSA;;12;;0%
4;Talento Humano;G;Cumplimiento de inducción específica;(Número de inducciones específicas realizadas / Número de funcionarios que ingresaron) * 100;100;Cumplimiento de inducción específica;Gestión Integral del Talento Humano;DON OSCAR;;90;;100%
4;Talento Humano;G;Cumplimiento a plan de capacitaciones y estímulos;(Número de capacitaciones realizadas / Número de capacitaciones programadas) * 100;100;Cumplimiento a plan de capacitaciones y estímulos;Gestión Integral del Talento Humano;DON OSCAR;;100;;100%
4;Talento Humano;G;Cumplimiento a plan de inducción general;(Número de inducciones generales realizadas / Número de funcionarios que ingresan en el periodo) * 100;100;Cumplimiento a plan de inducción general;Gestión Integral del Talento Humano;DON OSCAR;;100;;100%
4;Talento Humano;G;Formalización Laboral;(Número de empleos formalizados / Total de empleos requeridos) * 100;87;Formalización Laboral;Gestión Integral del Talento Humano;DON OSCAR;;50;;100%
4;Talento Humano;G;Actualización Laboral;(Número de cargos actualizados / Total de cargos)*100;100;Actualización Laboral;Gestión Integral del Talento Humano;DON OSCAR;;50;;100%
4;Talento Humano;G;Garantizar el personal administrativo requerido para los procesos de apoyo;(Personal Disponible / Personal Requerido) *100;92;Garantizar el personal administrativo requerido para los procesos de apoyo;Gestión Integral del Talento Humano;DON OSCAR;;100;;92%
4;Talento Humano;G;Garantizar el personal asistencial requerido para los procesos misionales;(Personal Disponible / Personal Requerido) *100;75;Garantizar el personal asistencial requerido para los procesos misionales;Gestión Integral del Talento Humano;DON OSCAR;;100;;75%
4;Talento Humano;G;Cumplimiento a plan de reinducción general;(Número de reinducciones generales realizadas / Número de reinducciones programadas durante el año) * 100;92;Cumplimiento a plan de reinducción general;Gestión Integral del Talento Humano;DON OSCAR;;100;;92%
4;Talento Humano;G;Cumplimiento del programa del Sistema de Gestión de Seguridad y Salud en el Trabajo;(Actividades realizadas / Actividades programadas) *100;77;Cumplimiento del programa del Sistema de Gestión de Seguridad y Salud en el Trabajo;Gestión Integral del Talento Humano;DRA RIOS;;95;;81%
4;Talento Humano;G;Cumplimiento al plan de bienestar;(Número de actividades completadas/Número total de actividades programadas) *100;86;Cumplimiento al plan de bienestar;Gestión Integral del Talento Humano;DON OSCAR;;90;;96%
4;SIAU;G;Clima y satisfacción del cliente interno;(Encuestas satisfechas/Total de encuestas) * 100;90;Clima y satisfacción del cliente interno;Gestión Integral del Talento Humano;DON OSCAR;;60;;100%
5;Gerencia;G;Presentación de proyectos;(Proyectos terminados / Proyectos presentados) *100;100;Presentación de proyectos;Estrategias Sostenibles para Impacto Positivo en Grupos de Interés;LUISA CORREA;;50;;100%
5;Gerencia;G;Ejecución de proyectos verdes;(Proyectos verdes ejecutados/Proyectos aprobados);100;Ejecución de proyectos verdes;Estrategias Sostenibles para Impacto Positivo en Grupos de Interés;PAULO;;50;;100%
5;Gestión Ambiental;G;Cumplimiento del PGIRASA (Seguimiento a la gestión de residuos);(No. De actividades realizadas dentro del cronograma de actividades del PGIRASA / No. De actividades programadas en el periodo del cronograma de actividades del PGIRASA)*100;100;Cumplimiento del PGIRASA (Seguimiento a la gestión de residuos);Estrategias Sostenibles para Impacto Positivo en Grupos de Interés;PAULO;;80;;100%
5;Gestión Ambiental;G;Cumplimiento del programa de gestión ambiental;(Número de Informes entregados / Total de informes a entregar)*100;100;Cumplimiento del programa de gestión ambiental;Estrategias Sostenibles para Impacto Positivo en Grupos de Interés;PAULO;;50;;100%
5;Gestión Ambiental;G;Porcentaje de cumplimiento del cronograma de implementación del Sistema de Gestión Ambiental (SGA);(Número de actividades completadas/Número total de actividades programadas)*100;80;Porcentaje de cumplimiento del cronograma de implementación del Sistema de Gestión Ambiental (SGA);Estrategias Sostenibles para Impacto Positivo en Grupos de Interés;PAULO;;50;;100%
5;Gestión Ambiental;G;Cumplimiento de programa de responsabilidad social;(Total de actividades realizadas /Total de actividades programadas)*100;0;Cumplimiento de programa de responsabilidad social;Estrategias Sostenibles para Impacto Positivo en Grupos de Interés;PAULO;;50;;0%
