OBJETIVO ESTRATEGICO;LINEA ESTRATEGICA;CODIGO DEL PROGRAMA;NOMBRE DEL PROGRAMA;CODIGO DEL PROYECTO;NOMBRE DEL PROYECTO;No O FICHA DEL PROYECTO;ACTIVIDAD;TIPO DE GASTO;INDICADOR DEL PRODUCTO;UNIDAD DE MEDIDA DE LA META;META PROGRAMADA DEL PROYECTO;VALOR EJECUTADO DEL PROYECTO;VALOR DEL PROYECTO;VALOR EJECUTADO DEL PROYECTO;FUENTE DE FINANCIACION;FECHA DE INICIO;FECHA DE FINALIZACION;UNIDAD DE MEDIDA DE LA COBERTURA DEL PROYECTO;COBERTURA PROYECTADA;COBERTURA EJECUTADA;AREA RESPONSABLE DE LA EJECUCION;RESPONSABLE
Adoptar un modelo integral de gestion de la calidad promoviendo las buenas practicas la gestion del riesgo individual la renovacion tecnologica y ejecucion de lineamientos claves en el proceso de atencion;Gestion de Calidad al servicios de Todos;hdsa01;Fortalecimiento del Sisitema Obligatorio de Garantia de Calidad de la atencion en salud;hdsa01.2024;Sistema de Información para la Calidad;hdsa01.2024;1 Elaboración y cumplimiento de la programación anual de seguimiento a planes de mejora 2 Verificación del cierre de las actividades propuestas en la vigencia 3 Realizacion de la Evaluacion de acreditacion de acuerdo a la normatividad vigente;FUNCIONAMIENTO;Mejoramiento continuo de calidad aplicable a entidades no acreditadas con autoevaluación;PORCENTAJE;100;100;0;0;RECURSOS PROPIOS;1/01/2025;31/12/2025;PORCENTAJE;0;0;GERENCIA;PAULO
Adoptar un modelo integral de gestion de la calidad promoviendo las buenas practicas la gestion del riesgo individual la renovacion tecnologica y ejecicion de limeamientos claves en el proceso de atencion;Gestion de Calidad al servicios de Todos;hdsa01;Fortalecimiento del Sisitema Obligatorio de Garantia de Calidad de la atencion en salud;hdsa01.2024;Programa de Auditoria para el Mejormaiento continuo de la Calidad;hdsa01.2024;1 Unificación del formato para levantar y gestionar los hallazgos por tipo de auditorías internas externas y otras fuentes para tener un solo cuadro de mando por tipo de auditoria y obtener mayor control sobre la gestión de las acciones de mejora 2 Centralización en calidad de la solicitud de informes visitas y demás que generen informes y requieran planes de mejoramiento;FUNCIONAMIENTO;Efectividad en la auditoría para el mejoramiento continuo de la calidad de la atención en salud;PORCENTAJE;90;100;0;0;RECURSOS PROPIOS;1/01/2025;31/12/2025;PORCENTAJE;0;0;GERENCIA;PAULO
Adoptar un modelo integral de gestion de la calidad promoviendo las buenas practicas la gestion del riesgo individual la renovacion tecnologica y ejecicion de limeamientos claves en el proceso de atencion;Gestion de Calidad al servicios de Todos;hdsa01;Fortalecimiento del Sisitema Obligatorio de Garantia de Calidad de la atencion en salud;hdsa01.2024;Priorización Actulización o adopción y despliegue de Guias protocolos procedimientos e instructivos clinicos;hdsa01.2024;1 Realizacion de un diagnostico de guias y protocolos a actulizar y adoptar 2 Priorización de guias y protocolos 3 Elaboracion Actulizacion Adopción y socilizacion de guias y protocolos 4 Evaluacion de la implemetacion de las guias y protocolos adoptados por la entidad;FUNCIONAMIENTO;Proporción de guias y protocolos de atencion evaluados sobre el total de guias y protocolos de atencion priorizados;PORCENTAJE;90;100;0;0;RECURSOS PROPIOS;1/01/2025;31/12/2025;PORCENTAJE;0;0;GERENCIA;PAULO
Adoptar un modelo integral de gestion de la calidad promoviendo las buenas practicas la gestion del riesgo individual la renovacion tecnologica y ejecicion de limeamientos claves en el proceso de atencion;Gestion de Calidad al servicios de Todos;hdsa01;Fortalecimiento del Sisitema Obligatorio de Garantia de Calidad de la atencion en salud;hdsa01.2024;Priorización Actulización o adopción de documentos del Sistema de Gestion de Calidad;hdsa01.2024;1 Realizacion de formato de solicitud de cambios para la actulizacion de documentos del SGC 2 Priorización de los cambios a realizar en los documentos del SGC 3 Actulizacion Adpción y socialización de los cambio realizados a los documentos del SGC;FUNCIONAMIENTO;Porcentaje de cambios realizados en los documentos del SGC sobre numero de cambios solicitados o detectados;PORCENTAJE;90;100;0;0;RECURSOS PROPIOS;1/01/2025;31/12/2025;PORCENTAJE;0;0;GERENCIA;PAULO
Adoptar la seguridad del paciente como pilar fundamental en la prestacion de los servicios de salud;Gestion de Calidad al servicios de Todos;hdsa02;Gestion del Riesgo asociado a la atencion en Salud;hdsa02.2024;Programa de Seguridad del Paciente;hdsa02.2024;1 Realización de las rondas de seguridad 2 Cierre oportuno de acciones de planes de mejoramiento 3 Aplicación y evaluación de guías médicas de acuerdo a las necesidades 4 Implementación de las barreras de seguridad establecidas en el comité de seguridad del paciente 5 Implementación de la guía de buenas prácticas de seguridad del paciente y paquetes instruccionales de la política de seguridad del paciente del Ministerio de Salud;FUNCIONAMIENTO;Implemetar el 100% de los instrumentos y metodologias del seguridad del paciente determinados por el Minsalud;PORCENTAJE;100;90;0;0;RECURSOS PROPIOS;1/01/2025;31/12/2025;PORCENTAJE;0;0;GERENCIA;JEFE DUBISA
Adoptar la seguridad del paciente como pilar fundamental en la prestacion de los servicios de salud;Gestion de Calidad al servicios de Todos;hdsa02;Gestion del Riesgo asociado a la atencion en Salud;hdsa02.2024;Gestion de Eventos Adversos;hdsa02.2024;1 Sensibilización y motivación para el reporte de las fallas de la atención en salud 2 Análisis y gestión de las fallas de la atención en salud;FUNCIONAMIENTO;Gestionar el 100% de los eventos adversos detectados;PORCENTAJE;100;100;0;0;RECURSOS PROPIOS;1/01/2025;31/12/2025;PORCENTAJE;0;0;GERENCIA;JEFE DUBISA
Adoptar la seguridad del paciente como pilar fundamental en la prestacion de los servicios de salud;Gestion de Calidad al servicios de Todos;hdsa02;Gestion del Riesgo asociado a la atencion en Salud;hdsa02.2024;Servicio de Terapia Ocupacional;hdsa02.2024;1Rutinas de cuidado personal como vestirse habilidades motoras finas y planificación motora 2Escribir y copiar anotaciones habilidades motoras finas coordinación manoojo 3Sostener y controlar un lápiz usar las tijeras habilidades motoras finas planificación motora 4Lanzar y atrapar habilidades motoras gruesas como el equilibrio y la coordinación 5Organizar una mochila planificación motora habilidades organizativas 6Reaccionar a información sensorial habilidades de autorregulación;FUNCIONAMIENTO;Gestionar el 100% de recursos utilizados para mantener el equipo de terapia ocupacional;PORCENTAJE;100;82;0;0;RECURSOS PROPIOS;1/01/2025;31/12/2025;PORCENTAJE;0;0;GERENCIA;DRA LINA-TERAPIA FISICA
Adoptar la seguridad del paciente como pilar fundamental en la prestacion de los servicios de salud;Gestion de Calidad al servicios de Todos;hdsa02;Gestion del Riesgo asociado a la atencion en Salud;hdsa02.2024;Ruta Perinatal Eje Principal Hospital Departamental Sna Antonio La Union Bolivar El Dovio y Versalles;hdsa02.2024;1Captar a toda mujer fertil entre 10 y 49 años y o gestantes antes de la semana 10 2Toda mujer en edad fertil entre los 10 y 49 años debe tener garantia de un método anticonceptivo 3Consulta pre concepcional para la mujer que decida quedar en embarazo 4Diagnóstico médico para continuar el proceso de acuerdo al riesgo 5Ingreso al programa de control prenatal 6Clasificacion del riesgo de la materna para el plan de manejo intervenciones 7Parto de calidad 8Puerperio 9 Recien nacido 10Planificación familiar;FUNCIONAMIENTO;Gestionar la captación del 100% de mujer en edad fertil entre 10 y 49 años y o gestantes antes de la semana 10;PORCENTAJE;100;62;0;0;RECURSOS PROPIOS;1/01/2025;31/12/2025;PORCENTAJE;0;0;GERENCIA;JEFE DIANA MARCELA
Mejorar la prestacion del servicio mediante un Modelo Integral de Atención en Salud cumpliendo los lineamientos del Ministerio de Salud y Protección Social a traves de la Gestion de proyectos de mejoramiento y adecuacion infraestructura ante los entes del nivel territorial Departamental y Nacional;Gestion de Calidad al servicios de Todos;hdsa03;Modelo de atención integral y con calidad;hdsa03.2024;Adecuacion y mejoramiento de la infraestructura fisica;hdsa03.2024;1 Realización de diagnostico de necesidades en infraestructura fisica de la ESE2 Estructuración de proyecto de gestion de acuerdo a las exigencias normativas vigentes y los requerimientos establecidos por las entidades territoriales del nivel departamental y nacional 3 Gestion y radicacion de proyectos ante los entes territoriales interesados;FUNCIONAMIENTO;Numero de proyectos Gestionados sobre numero de proyectos estructurados;PORCENTAJE;90;100;0;0;RECURSOS PROPIOS;1/01/2025;31/12/2025;PORCENTAJE;0;0;GERENCIA;LUISA CORREA
Mejorar la prestacion del servicio mediante un Modelo Integral de Atención en Salud cumpliendo los lineamientos del Ministerio de Salud y Protección Social a traves de la Gestion de proyectos de mejoramiento y adecuacion infraestructura ante los entes del nivel territorial Departamental y Nacional;Gestion de Calidad al servicios de Todos;hdsa03;Modelo de atención integral y con calidad;hdsa03.2024;Plan de Mantenimiento Hospitalario;hdsa03.2024;1 Elaboración y ejecución del plan de mantenimiento hospitalario;FUNCIONAMIENTO;Porcentaje de ejecución del plan de mantenimiento hospitalario Numero de mantenimintos preventivos realizados sobre numero de mantenimientos programados;PORCENTAJE;90;90;0;0;RECURSOS PROPIOS;1/01/2025;31/12/2025;PORCENTAJE;0;0;GERENCIA;WILMAR, SEBASTIAN, RUBIEL
Mejorar la prestacion del servicio mediante un Modelo Integral de Atención en Salud cumpliendo los lineamientos del Ministerio de Salud y Protección Social a traves de la Gestion de proyectos de mejoramiento y adecuacion infraestructura ante los entes del nivel territorial Departamental y Nacional;Gestion de Calidad al servicios de Todos;hdsa03;Modelo de atención integral y con calidad;hdsa03.2024;Dotacion de Insumos necesarios para una atencion con calidad;hdsa03.2024;Realizar contratación de insumos de acuerdo necesidades de los servicios prestados por la ESE;FUNCIONAMIENTO;Garantizar el 100% de los insumos requeridos;PORCENTAJE;100;100;0;0;RECURSOS PROPIOS;1/01/2025;31/12/2025;PORCENTAJE;0;0;GERENCIA;OLGA MARTINEZ
Mejorar la prestacion del servicio mediante un Modelo Integral de Atención en Salud cumpliendo los lineamientos del Ministerio de Salud y Protección Social a traves de la Gestion de proyectos de mejoramiento y adecuacion infraestructura ante los entes del nivel territorial Departamental y Nacional;Gestion de Calidad al servicios de Todos;hdsa03;Modelo de atención integral y con calidad;hdsa03.2024;Rutas Integrales de Atención en salud RIAS;hdsa03.2024;1 Realizar cronograma de capacitacion de Normatividad aplicada a los procesos y servicios Institucionales de acuerdo a las RIAS priorizada 2 Ejecutar el cronograma y realizar medicion de conocimiento;FUNCIONAMIENTO;PROPORCION DE PERSONAS CAPACITADAS EN LA NORMATIVIDAD APLICADA A RIAS: No de personas capacitadas la nueva normatividad/No De personas objeto de capacitación;PORCENTAJE;100;86,21;0;0;RECURSOS PROPIOS;1/01/2025;31/12/2025;PORCENTAJE;0;0;GERENCIA;DR VELEZ, DR RENGIFO
Mejorar la prestacion del servicio mediante un Modelo Integral de Atención en Salud cumpliendo los lineamientos del Ministerio de Salud y Protección Social a traves de la Gestion de proyectos de mejoramiento y adecuacion infraestructura ante los entes del nivel territorial Departamental y Nacional;Gestion de Calidad al servicios de Todos;hdsa03;Modelo de atención integral y con calidad;hdsa03.2024;PLAN AMPLIADO DE INMUNIZACION PAI COVID;hdsa03.2024;1 Capacitación al personal asistencial y profesional en las guias y protocolos de vacunación 2 aplicación de los LINEAMIENTOS GENERALES PARA EL PROGRAMA AMPLIADO DE INMUNIZACIONES PAI EN EL CONTEXTO DE LA PANDEMIA DE COVID19 COLOMBIA 2020 para las Instituciones prestadoras de servicios de salu;FUNCIONAMIENTO;Porción de personal capacitado No De personas capacitadas sobre numero de personas programadas para capacitación;PORCENTAJE;100;90;0;0;RECURSOS PROPIOS;1/01/2025;31/12/2025;PORCENTAJE;0;0;GERENCIA;JEFE DIANA MARCELA
Establecer un programa de renovacion tecnologica que permita mantener los mas altos estandares en la prestacion del servicio;Gestion de Calidad al servicios de Todos;hdsa04;Atencion a traves de la gestion tecnologica;hdsa04.2024;Proyecto de Inversion para la adquisiscion renovacion y mantenimiento de equipos clinicos y de tecnologia de la información;hdsa04.2024; 4 Priorización de equipos requeridos para reposición y complementación de la dotación 5 Definición de especificaciones para cada uno de los equipos identificados como requerido para adquisición de tal manera que cumplan con normatividad vigente garantía respaldo técnico permanencia en el mercado, entre otras 6 Consolidación de la información para obtener el presupuesto total necesario para la adquisición de nuevas tecnologías 7 Relización del proyecto de inversión para la adquisiscion renovacion y mantenimiento de equipos clinicos y de tecnologia de la información 8 Gestión y cumplimiento del proyecto de inversion ;FUNCIONAMIENTO;Porcentaje de cumplimiento del plan de inversion en la renovacion mantenimiento y adquisicion de equipos y software Valor de los recursos propios ejecutados sobre el valor de recursos propios presupuestados para renovacion mantenimiento y adquisicion de equipos y software;PORCENTAJE;80;100;0;0;RECURSOS PROPIOS;1/01/2025;31/12/2025;PORCENTAJE;0;0;GERENCIA;ROBERTH
Fortalecer el desarrollo intergral de habilidades y destrezas del personal contribuyendo a la prestacion de los servicios de salud con calidad;Gestion de Calidad al servicios de Todos;hdsa05;Gestion y Desarrollo integral del Talento Humano;hdsa05.2024;Plan de Capacitaciones Institucional;hdsa05.2024;1 Identificación de necesidades de capacitación 2 Elaboración del Programa de capacitación y adoptar el PIC en la institución 3Inclusión del plan de capacitación en el presupuesto 4 Ejecución de capacitaciones correspondientes al plan;FUNCIONAMIENTO;Porcentaje de ejecución del Plan de Capacitaciones Institucional;PORCENTAJE;80;100;0;0;RECURSOS PROPIOS;1/01/2025;31/12/2025;PORCENTAJE;0;0;GERENCIA;OSCAR ORLEY ROMERO
Fortalecer el desarrollo intergral de habilidades y destrezas del personal contribuyendo a la prestacion de los servicios de salud con calidad;Gestion de Calidad al servicios de Todos;hdsa05;Gestion y Desarrollo integral del Talento Humano;hdsa05.2024;Medición e intervencion del Clima Organizacional;hdsa05.2024;1 Elaborar plan de bienestar social e incentivos 2 Adoptar plan de incentivos para usuarios internos de la ESE 3 Revisar y aplicar encuesta de clima organizacional 4 Tabular resultados 5 Implementar planes de mejora según resultados 6 Aplicar encuesta post planes de mejora;FUNCIONAMIENTO;Porcentaje de satisfaccion del cliente interno No De personas satisfechas sobre total de personas a las que se les aplica el instrumento de evaluacion;PORCENTAJE;80;90;0;0;RECURSOS PROPIOS;1/01/2025;31/12/2025;PORCENTAJE;0;0;GERENCIA;DON OSCAR
Fortalecer el desarrollo intergral de habilidades y destrezas del personal contribuyendo a la prestacion de los servicios de salud con calidad;Gestion de Calidad al servicios de Todos;hdsa05;Gestion y Desarrollo integral del Talento Humano;hdsa05.2024;Medición e intervencion del Clima Organizacional;hdsa05.2024;1 Elaborar plan de bienestar social e incentivos 2 Adoptar plan de incentivos para usuarios internos de la ESE 3 Revisar y aplicar encuesta de clima organizacional 4 Tabular resultados 5 Implementar planes de mejora según resultados 6 Aplicar encuesta post planes de mejora;FUNCIONAMIENTO;Porcentaje de Cumplimiento del Plan de Bienestar No De actividades realizadas sobre No De actividades programadas en el Plan de Bienestar;PORCENTAJE;80;85;0;0;RECURSOS PROPIOS;1/01/2025;31/12/2025;PORCENTAJE;0;0;GERENCIA;OSCAR ORLEY ROMERO
Fortalecer el desarrollo intergral de habilidades y destrezas del personal contribuyendo a la prestacion de los servicios de salud con calidad;Gestion de Calidad al servicios de Todos;hdsa05;Gestion y Desarrollo integral del Talento Humano;hdsa05.2024;Seguridad y Salud Laboral;hdsa05.2024;1 Actualización de la política de SGSST y capacitación 2 Elaboración del plan anual de capacitaciones del SGSST 3 Ejecutar el plan de capacitaciones y presentar informe de gestión;FUNCIONAMIENTO;Ejecutar el 100% del plan anual de capacitaciones del SGSST;PORCENTAJE;100;94;0;0;RECURSOS PROPIOS;1/01/2025;31/12/2025;PORCENTAJE;0;0;GERENCIA;DRA RIOS
Fortalecer el desarrollo intergral de habilidades y destrezas del personal contribuyendo a la prestacion de los servicios de salud con calidad;Gestion de Calidad al servicios de Todos;hdsa05;Gestion y Desarrollo integral del Talento Humano;hdsa05.2024;Operatividad Administrativa;hdsa05.2024;1 Estudio de la capacidad instalada en recurso humano2 Contratar el personal que cumpla con los requisitos y requerimientos que garanticen las actividades asociadas 3Asignación de funciones de acuerdo a los perfiles y disponibilidades requeridas;FUNCIONAMIENTO;Contar con el 100% del personal técnico y profesional requerido por las diversas áreas de la institución;PORCENTAJE;100;100;0;0;RECURSOS PROPIOS;1/01/2025;31/12/2025;PORCENTAJE;0;0;GERENCIA;DRA MAITE
Fortalecer el mercadeo y la venta d servicios Institucional que permita mejorar la imagen corporativa y posicionar la ESE como una de las mejores de la region;Gestion de Calidad al servicios de Todos;hdsa06;Mercadeo y Venta de Servicios;hdsa06.2024;plan de Medio de Comunicación Institucional;hdsa06.2024;1 Revisión y actualización del plan de medios 2 Documentación de estrategias de comunicación de acuerdo a las necesidades y a los tipos de clientes internos y externos 3 Contratación campañas de promoción en salud;FUNCIONAMIENTO;Ejecutar el 90% del Plan de Medio de Comunicación;PORCENTAJE;90;100;0;0;RECURSOS PROPIOS;1/01/2025;31/12/2025;PORCENTAJE;0;0;GERENCIA;JHONATAN
Fortalecer el mercadeo y la venta d servicios Institucional que permita mejorar la imagen corporativa y posicionar la ESE como una de las mejores de la region;Gestion de Calidad al servicios de Todos;hdsa06;Mercadeo y Venta de Servicios;hdsa06.2024;Oferta Institucional;hdsa06.2024;Establecer estrategias de mercadeo: contratación de profesionales en salud Ampliacion de horario de atencion para la prestación de servicios especializados Realizar convenios con las diferentes EPS;FUNCIONAMIENTO;Incremetar la venta de servicios en un 10% anual;PORCENTAJE;10;2,37;0;0;RECURSOS PROPIOS;1/01/2025;31/12/2025;PORCENTAJE;0;0;GERENCIA;DR RENGIFO
Fortalecer el mercadeo y la venta d servicios Institucional que permita mejorar la imagen corporativa y posicionar la ESE como una de las mejores de la region;Gestion de Calidad al servicios de Todos;hdsa06;Mercadeo y Venta de Servicios;hdsa06.2024;Oferta Institucional;hdsa06.2024;1 Análisis de la capacidad instalada en recurso humano 2 Contratar el personal que cumpla con los requisitos y requerimientos que garanticen las actividades asociadas 3 Asignación de funciones de acuerdo a los perfiles y disponibilidades requeridas;FUNCIONAMIENTO;Garantizar el 100% del personal profesional especializados requerido por la ESE;PORCENTAJE;100;95,2;0;0;RECURSOS PROPIOS;1/01/2025;31/12/2025;PORCENTAJE;0;0;GERENCIA;DR RENGIFO
Garantizar un manejo gerencial que permita la sostenibilidad de la Istitución con enfasis en la sostenibilidad y rentabilidad;Gestion Financiera y Administrativa con Eficacia y Sostenibilidad;hdsa07;Gestion Fianciera;hdsa07.2024;Estandarizacion de Procesos y Procedimeientos para la orientacion en la toma de desiciones y la transparencia en la Gestion Publica;hdsa07.2024;1 Minimizar costos 2 Aumentar Producción;FUNCIONAMIENTO;Evolución del Gasto por Unidad de Valor Relativo producida Gasto de Funcionamiento y Operación Comercial y prestación de servicios comprometidos en el año objeto de la evaluación/ Numero de UVR producidas en la Vigencia / Gasto de Funcionamiento y Operación Comercial y Prestación de Servicios comprometido en la Vigencia anterior en valores constantes del año objeto de evaluación/ número de UVR producidas en la vigencia anterior;PORCENTAJE;90;92;0;0;RECURSOS PROPIOS;1/01/2025;31/12/2025;PORCENTAJE;0;0;GERENCIA;RODRIGO TORRES
Garantizar un manejo gerencial que permita la sostenibilidad de la Istitución con enfasis en la sostenibilidad y rentabilidad;Gestion Financiera y Administrativa con Eficacia y Sostenibilidad;hdsa07;Gestion Fianciera;hdsa07.2024;Estandarizacion de Procesos y Procedimeientos para la orientacion en la toma de desiciones y la transparencia en la Gestion Publica;hdsa07.2024;1 Implementar actividades que permitan reducir el gasto en la institución: A Implementar mecanismos de control y seguimiento de consumo de insumos B Ejecución del plan de austeridad en el gasto 2 A Realizar seguimiento mensual de los gastos comprometidos B Informar a la Gerencia sobre las variaciones del presupuesto: valor ejecutado v/s valor proyectado C Solicitar de la gerencia la retroalimentación de las acciones correctivas a que haya lugar;FUNCIONAMIENTO;Resultado Equilibrio Presupuestal con Recaudo Valor de la ejecución de ingresos totales recaudados en la vigencia incluye recaudo de CxC de vigencias anteriores / Valor de la ejecución de Gastos comprometidos en la vigencia objeto de evaluación incluye el valor comprometido de CxP vigencias anteriores;PORCENTAJE;90;85;0;0;RECURSOS PROPIOS;1/01/2025;31/12/2025;PORCENTAJE;0;0;GERENCIA;RODRIGO TORRES
Garantizar un manejo gerencial que permita la sostenibilidad de la Istitución con enfasis en la sostenibilidad y rentabilidad;Gestion Financiera y Administrativa con Eficacia y Sostenibilidad;hdsa07;Gestion Fianciera;hdsa07.2024;Estandarizacion de Procesos y Procedimeientos para la orientacion en la toma de desiciones y la transparencia en la Gestion Publica;hdsa07.2024;1 facturación diaria de los servicios oportunamente 2 Realizar las autorizaciones y las validaciones 3 Cumplir con la norma estipulada en el Dcto 4747 y Res 3047 4 Radicación cuentas médicas 5 Radicar en los tiempos establecidos por las EPS 6 Análisis de datos y elaboración de estrategias acorde a los resultados;FUNCIONAMIENTO;Oportunidad en la Radicación Numero de Facturas radicadas en los primeros 20 dias del mes sigueinte a la prestacion del servicio sobre Numero de Facturas generadas en el mes a analizar por 100;PORCENTAJE;90;95;0;0;RECURSOS PROPIOS;1/01/2025;31/12/2025;PORCENTAJE;0;0;GERENCIA;LINA GIL
Garantizar un manejo gerencial que permita la sostenibilidad de la Istitución con enfasis en la sostenibilidad y rentabilidad;Gestion Financiera y Administrativa con Eficacia y Sostenibilidad;hdsa07;Gestion Fianciera;hdsa07.2024;Estandarizacion de Procesos y Procedimeientos para la orientacion en la toma de desiciones y la transparencia en la Gestion Publica;hdsa07.2024;1 Verificar trimestralmente los módulos que afecten o alimenten la contabilidad y el presupuesto 2 Presentar acta de conciliación a Gerencia;FUNCIONAMIENTO;Conciliar trimestralmente los módulos cartera activos fijos facturación tesorería glosas con el módulo de contabilidad;PORCENTAJE;100;100;0;0;RECURSOS PROPIOS;1/01/2025;31/12/2025;PORCENTAJE;0;0;GERENCIA;JUAN DAVID
Garantizar un manejo gerencial que permita la sostenibilidad de la Istitución con enfasis en la sostenibilidad y rentabilidad;Gestion Financiera y Administrativa con Eficacia y Sostenibilidad;hdsa07;Gestion Fianciera;hdsa07.2024;Estandarizacion de Procesos y Procedimeientos para la orientacion en la toma de desiciones y la transparencia en la Gestion Publica;hdsa07.2024;1 Realizar acuerdos periódicos de pago con las EPS y otros que apliquen;FUNCIONAMIENTO;% de CARTERA RECAUDADA Total Cartera Recaudada / total Cartera Radicada;PORCENTAJE;80;46;0;0;RECURSOS PROPIOS;1/01/2025;31/12/2025;PORCENTAJE;0;0;GERENCIA;JUAN DAVID
Garantizar un manejo gerencial que permita la sostenibilidad de la Istitución con enfasis en la sostenibilidad y rentabilidad;Gestion Financiera y Administrativa con Eficacia y Sostenibilidad;hdsa07;Gestion Fianciera;hdsa07.2024;Mejoramiento Institucional;hdsa07.2024;1 Realización de Plan de Auditorias Internas 2 Socilizacion del Plan de Auditorias3 ejecucion del Plan;FUNCIONAMIENTO;Seguimiento a los Porcesos numero de Auditorias internas realizada a los procesos sobre numero de auditorias progrmadas;PORCENTAJE;90;90;0;0;RECURSOS PROPIOS;1/01/2025;31/12/2025;PORCENTAJE;0;0;GERENCIA;ZORAIDA
Garantizar un manejo gerencial que permita la sostenibilidad de la Istitución con enfasis en la sostenibilidad y rentabilidad;Gestion Financiera y Administrativa con Eficacia y Sostenibilidad;hdsa07;Gestion Fianciera;hdsa07.2024;Mejoramiento Institucional;hdsa07.2024;1 implementar las siete dimensiones del modelo integrado de planeación y gestión MIPG e incorporarlo al ciclo de gestión PHVA;FUNCIONAMIENTO;Actulización e Implementación del Modelo Integrado de Planeación y Gestión MIPG;PORCENTAJE;80;62;0;0;RECURSOS PROPIOS;1/01/2025;31/12/2025;PORCENTAJE;0;0;GERENCIA;LUISA CORREA
Establecer la cultura donde los costos sean parte escencial en la busqueda de la competitividad sin detrimento de la calidad en la prestación de los servicios;Gestion Financiera y Administrativa con Eficacia y Sostenibilidad;hdsa08;Gestión de Costos;hdsa08.2024;Analisis por producto y centro de costos;hdsa08.2024;1 Identificación de los centros de costos y cada uno de los productos que los integran 2 Determinar los cotos de cada uno de los productos y centros de costos de la entidad;FUNCIONAMIENTO;Realizar el costo al 100% de los productos y centros de costos de la entidad;PORCENTAJE;100;30;0;0;RECURSOS PROPIOS;1/01/2025;31/12/2025;PORCENTAJE;0;0;GERENCIA;ROSA
Establecer la cultura donde los costos sean parte escencial en la busqueda de la competitividad sin detrimento de la calidad en la prestación de los servicios;Gestion Financiera y Administrativa con Eficacia y Sostenibilidad;hdsa08;Gestión de Costos;hdsa08.2024;Socializacion de la informacion de costos por centro de costos;hdsa08.2024;1 Realización de informes trimestrales de costos 2 presentacion a la Subgerencia Administrava;FUNCIONAMIENTO;Porcentaje de cumplimiento en la socializacion de informes de costos numero de informes socilizados sobre numero de informes por centro de costo programado;PORCENTAJE;90;50;0;0;RECURSOS PROPIOS;1/01/2025;31/12/2025;PORCENTAJE;0;0;GERENCIA;ROSA
Fometar la cultura de autocontrol autogestión y autoregulacion;Gestion Financiera y Administrativa con Eficacia y Sostenibilidad;hdsa09;Gestion Administrativa;hdsa09.2024;Seguimiento de indicadores del Cuadro de Mando;hdsa09.2024;1 Consolidación de la Información 2 Reporte oportuno de la informacion por parte de las unidades generadoras de datos;FUNCIONAMIENTO;Porcentaje de informes presentados de seguimiento del cuadro de mando N° De informes de seguimiento realizados sobre N° Informe programados 2 Informes;PORCENTAJE;90;100;0;0;RECURSOS PROPIOS;1/01/2025;31/12/2025;PORCENTAJE;0;0;GERENCIA;PAULO Y DON LUIS
Fometar la cultura de autocontrol autogestión y autoregulacion;Gestion Financiera y Administrativa con Eficacia y Sostenibilidad;hdsa09;Gestion Administrativa;hdsa09.2024;Gestion de riesgos Institucionales y de corrupcion;hdsa09.2024;1 Elaboracion y/o actulizacion del plan anticorrupcion y atencion al ciudadano 2 Consolidacion de la informacion y reporte informe de seguimiento;FUNCIONAMIENTO;porcentaje de informes de monitoreo de actividades del plan anticorrupcion y de atencion al ciudadano No De informes realizados sobre No De informes programados;PORCENTAJE;95;100;0;0;RECURSOS PROPIOS;1/01/2025;31/12/2025;PORCENTAJE;0;0;GERENCIA;LUISA CORREA
Fometar la cultura de autocontrol autogestión y autoregulacion;Gestion Financiera y Administrativa con Eficacia y Sostenibilidad;hdsa09;Gestion Administrativa;hdsa09.2024;Gestion de riesgos Institucionales y de corrupcion;hdsa09.2024;1 Elaboracion y/o actulizacion del mapa de riesgo institucional 2 Consolidacion de la informacion y reporte informe de seguimiento;FUNCIONAMIENTO;Porcentaje de seguimiento de los planes de manejo de riesgos institucionales exixtentes No De planes revisados sobre No De planes realizados por procesos;PORCENTAJE;90;60;0;0;RECURSOS PROPIOS;1/01/2025;31/12/2025;PORCENTAJE;0;0;GERENCIA;LUISA CORREA
Adoptar dentro de la cultura organizacional el mejormainto continuo de la calidad en la prestacion de los servicios;Gestion Financiera y Administrativa con Eficacia y Sostenibilidad;hdsa10;Gestion de Ssitemas de Informacion y Comunicación;hdsa10.2024;Adquisiscion e implementación de nuevas tecnologias de la informacion;hdsa10.2024;1 formulacion Actulización del Plan de las Tercnologias de la Información 2 Priorización de los proyectos del plan 3 Gestión de proyectos priorizados;FUNCIONAMIENTO;Porcentaje de TICS adoptadas e implenmentadas No De proyectos adoptados e implementados dentro de la vigencia sobre numero de proyectos TICS autorizados en la vigencia;PORCENTAJE;80;100;0;0;RECURSOS PROPIOS;1/01/2025;31/12/2025;PORCENTAJE;0;0;GERENCIA;ROBERTH
Adoptar dentro de la cultura organizacional el mejormainto continuo de la calidad en la prestacion de los servicios;Gestion Financiera y Administrativa con Eficacia y Sostenibilidad;hdsa10;Gestion de Ssitemas de Informacion y Comunicación;hdsa10.2024;Plan de Mantenimiento de Tecnologias de la Información;hdsa10.2024;1 Elaboracion del plan de Matenimiento de las Tecnologias de la Informacion y comunicación TICs 2 Ejecucion del plan de Matenimiento de las TICS;FUNCIONAMIENTO;Porcentaje de Matenimientos preventivos realizados No De Mantenimientos realizados sobre No De mantenimeintos preventivos programados;PORCENTAJE;90;90;0;0;RECURSOS PROPIOS;1/01/2025;31/12/2025;PORCENTAJE;0;0;GERENCIA;ROBERTH
Capacitación permanente del Talento Humano;Gestion Financiera y Administrativa con Eficacia y Sostenibilidad;hdsa11;Gestion del Conocimiento;hdsa11.2024;Programa de Induccion y Reinduccion Institucional;hdsa11.2024;1 Identificación de necesidades de capacitación 2 Elaboración del Programa de capacitación y adoptar el PIC en la institución 3Inclusión del plan de capacitación en el presupuesto 4 Ejecución de capacitaciones correspondientes al plan;FUNCIONAMIENTO;Porcentaje de personas con induccion institucional No De personas con induccion sobre No De personas que ingresaron a la institucion;PORCENTAJE;90;100;0;0;RECURSOS PROPIOS;1/01/2025;31/12/2025;PORCENTAJE;0;0;GERENCIA;DON OSCAR
Aplicar un instrumentos de intentificación de necesidades y expectativas de los usuarios y grupos de interes;Gestion Buen Gobierno Gestion del Entorno;hdsa12;Satisfacción del Usuario;hdsa12.2024;Aplicación de Encuestas de percepcion y de satisfacción a usuarios y grupos de interes;hdsa12.2024;1 Aplicación de la encuesta de satisfacción al usuario externo 2 Campañas de información al usuario en conjunto con los convenios docencia servicio 3 Aprovechamiento de los espacios de usuarios como asociaciones y grupos organizados para dar información general sobre autocuidado 4 Estandarización de la información que brinda al usuario el equipo intra y extramural aprobada por calidad;FUNCIONAMIENTO;numero de usuarios encuestados/numero de encuestas realizadas;PORCENTAJE;80;99;0;0;RECURSOS PROPIOS;1/01/2025;31/12/2025;PORCENTAJE;0;0;GERENCIA;ELIANA
Garantizar los diferentes escenarios de participacion Comunitaria;Gestion Buen Gobierno Gestion del Entorno;hdsa13;Escenarios de Participacion Comunitaria;hdsa13.2024;Participacion del Representante de los usuarios en la Junta Directiva;hdsa13.2024;1 Convocatorias de las Junta directiva;FUNCIONAMIENTO;porcentaje de participacion del representante de los usuarios en la junta directiva No De sesiones en la que participo sobre No De Sesiones realizadas;PORCENTAJE;90;100;0;0;RECURSOS PROPIOS;1/01/2025;31/12/2025;PORCENTAJE;0;0;GERENCIA;DIANA CORNELIA
Garantizar los diferentes escenarios de participacion Comunitaria;Gestion Buen Gobierno Gestion del Entorno;hdsa13;Escenarios de Participacion Comunitaria;hdsa13.2024;Desarrollo de actividades con la Asociacion de Usuarios;hdsa13.2024;1 Establecer cronogrmama de Actividades con la asociacion de usaurios 2 Cumplimiento del Cronograma;FUNCIONAMIENTO;Porción de Actividades realizadas con el cliente externo No De actividades realizadas con la Asociacion de usuarios sobre No Actividades programadas;PORCENTAJE;80;100;0;0;RECURSOS PROPIOS;1/01/2025;31/12/2025;PORCENTAJE;0;0;GERENCIA;ELIANA
Garantizar los diferentes escenarios de participacion Comunitaria;Gestion Buen Gobierno Gestion del Entorno;hdsa13;Escenarios de Participacion Comunitaria;hdsa13.2024;Rendicion de Cuentas;hdsa13.2024;1 Realizar convocatiras 2 establecer reglamento 3 Realizacion de informe general y presetacion de rendicion de cuetas 3 Evaluar el nivel satisfaccion de la comunidad participante en la RC;FUNCIONAMIENTO;Porcetante de Cumplimiento de las actividades para la rendicions de Cuentas No De Actividades realizadas sobre No De actividades planeadas;PORCENTAJE;100;100;0;0;RECURSOS PROPIOS;1/01/2025;31/12/2025;PORCENTAJE;0;0;GERENCIA;PAULO
Desarrollar programas de manejo ambietal en caminados al control prevencion y mitigacion del impacto generado por los servicios de salud;Gestion Buen Gobierno Gestion del Entorno;hdsa14;Gerenciamiento Ambiental;hdsa14.2024;Realizacion de Campañas de gestión Ambiental;hdsa14.2024;1 Diagnosticar la necesidad de requisitos y normas del sistema de gestión ambiental a intervenir basado en verificación del cumplimiento Institucional en los requisitos 2 Plan de intervención sobre los requisitos requeridos 3 Ejecución del plan de intervención 4 Capacitación al recurso humano sobre el plan de gestión ambiental implementado;FUNCIONAMIENTO;Porcentaje de Cumplimiento del Plan de Manejo Ambiental;PORCENTAJE;90;100;0;0;RECURSOS PROPIOS;1/01/2025;31/12/2025;PORCENTAJE;0;0;GERENCIA;PAULO
